{
  "id": "f8f3163f-4be7-ccf8-aadd-6616ba42d1d8",
  "name": "CosmosDBOptions",
  "values": [
    {
      "key": "CosmosDBMasterKey",
      "value": "YOURKEYHERE",
      "enabled": true,
      "type": "text"
    },
    {
      "key": "CosmosDBHost",
      "value": "YOURHOSTHERE.documents.azure.com:443",
      "enabled": true,
      "type": "text"
    }
  ],
  "timestamp": 1485452671935,
  "_postman_variable_scope": "environment",
  "_postman_exported_at": "2017-01-26T17:44:33.613Z",
  "_postman_exported_using": "Postman/4.9.3"
}