{
	"info": {
		"_postman_id": "701a68f6-9fae-4585-b2e9-c11634b30f24",
		"name": "CosmosDB",
		"schema": "https://schema.getpostman.com/json/collection/v2.1.0/collection.json"
	},
	"item": [
		{
			"name": "List Databases",
			"event": [
				{
					"listen": "test",
					"script": {
						"exec": [
							"postman.clearEnvironmentVariable(\"RFC1123time\");",
							"postman.clearEnvironmentVariable(\"masterKey\");",
							"postman.clearEnvironmentVariable(\"authToken\");",
							""
						],
						"type": "text/javascript"
					}
				},
				{
					"listen": "prerequest",
					"script": {
						"exec": [
							""
						],
						"type": "text/javascript"
					}
				}
			],
			"request": {
				"method": "GET",
				"header": [
					{
						"key": "Accept",
						"value": "application/json"
					},
					{
						"key": "x-ms-version",
						"value": "2016-07-11"
					},
					{
						"key": "Authorization",
						"value": "{{authToken}}"
					},
					{
						"key": "x-ms-date",
						"value": "{{RFC1123time}}"
					}
				],
				"url": {
					"raw": "https://{{CosmosDBHost}}/dbs",
					"protocol": "https",
					"host": [
						"{{CosmosDBHost}}"
					],
					"path": [
						"dbs"
					]
				}
			},
			"response": []
		},
		{
			"name": "Create Database - tempdb",
			"event": [
				{
					"listen": "test",
					"script": {
						"exec": [
							"postman.clearEnvironmentVariable(\"RFC1123time\");",
							"postman.clearEnvironmentVariable(\"masterKey\");",
							"postman.clearEnvironmentVariable(\"authToken\");",
							""
						],
						"type": "text/javascript"
					}
				},
				{
					"listen": "prerequest",
					"script": {
						"exec": [
							""
						],
						"type": "text/javascript"
					}
				}
			],
			"request": {
				"method": "POST",
				"header": [
					{
						"key": "Accept",
						"value": "application/json"
					},
					{
						"key": "x-ms-version",
						"value": "2016-07-11"
					},
					{
						"key": "Authorization",
						"value": "{{authToken}}"
					},
					{
						"key": "x-ms-date",
						"value": "{{RFC1123time}}"
					}
				],
				"body": {
					"mode": "raw",
					"raw": "{\r\n    \"id\": \"tempdb\"\r\n}\r\n"
				},
				"url": {
					"raw": "https://{{CosmosDBHost}}/dbs",
					"protocol": "https",
					"host": [
						"{{CosmosDBHost}}"
					],
					"path": [
						"dbs"
					]
				}
			},
			"response": []
		},
		{
			"name": "Get Database - tempdb",
			"event": [
				{
					"listen": "test",
					"script": {
						"exec": [
							"postman.clearEnvironmentVariable(\"RFC1123time\");",
							"postman.clearEnvironmentVariable(\"masterKey\");",
							"postman.clearEnvironmentVariable(\"authToken\");",
							""
						],
						"type": "text/javascript"
					}
				},
				{
					"listen": "prerequest",
					"script": {
						"exec": [
							""
						],
						"type": "text/javascript"
					}
				}
			],
			"request": {
				"method": "GET",
				"header": [
					{
						"key": "Accept",
						"value": "application/json"
					},
					{
						"key": "x-ms-version",
						"value": "2016-07-11"
					},
					{
						"key": "Authorization",
						"value": "{{authToken}}"
					},
					{
						"key": "x-ms-date",
						"value": "{{RFC1123time}}"
					}
				],
				"url": {
					"raw": "https://{{CosmosDBHost}}/dbs/tempdb",
					"protocol": "https",
					"host": [
						"{{CosmosDBHost}}"
					],
					"path": [
						"dbs",
						"tempdb"
					]
				}
			},
			"response": []
		},
		{
			"name": "Get All Collections",
			"event": [
				{
					"listen": "test",
					"script": {
						"exec": [
							"postman.clearEnvironmentVariable(\"RFC1123time\");",
							"postman.clearEnvironmentVariable(\"masterKey\");",
							"postman.clearEnvironmentVariable(\"authToken\");",
							""
						],
						"type": "text/javascript"
					}
				},
				{
					"listen": "prerequest",
					"script": {
						"exec": [
							""
						],
						"type": "text/javascript"
					}
				}
			],
			"request": {
				"method": "GET",
				"header": [
					{
						"key": "Accept",
						"value": "application/json"
					},
					{
						"key": "x-ms-version",
						"value": "2016-07-11"
					},
					{
						"key": "Authorization",
						"value": "{{authToken}}"
					},
					{
						"key": "x-ms-date",
						"value": "{{RFC1123time}}"
					}
				],
				"url": {
					"raw": "https://{{CosmosDBHost}}/dbs/tempdb/colls",
					"protocol": "https",
					"host": [
						"{{CosmosDBHost}}"
					],
					"path": [
						"dbs",
						"tempdb",
						"colls"
					]
				}
			},
			"response": []
		},
		{
			"name": "Create Collection - tempcoll",
			"event": [
				{
					"listen": "test",
					"script": {
						"exec": [
							"postman.clearEnvironmentVariable(\"RFC1123time\");",
							"postman.clearEnvironmentVariable(\"masterKey\");",
							"postman.clearEnvironmentVariable(\"authToken\");",
							""
						],
						"type": "text/javascript"
					}
				},
				{
					"listen": "prerequest",
					"script": {
						"exec": [
							""
						],
						"type": "text/javascript"
					}
				}
			],
			"request": {
				"method": "POST",
				"header": [
					{
						"key": "Accept",
						"value": "application/json"
					},
					{
						"key": "x-ms-version",
						"value": "2016-07-11"
					},
					{
						"key": "Authorization",
						"value": "{{authToken}}"
					},
					{
						"key": "x-ms-date",
						"value": "{{RFC1123time}}"
					}
				],
				"body": {
					"mode": "raw",
					"raw": "{\r\n    \"id\": \"tempcoll\"\r\n}\r\n"
				},
				"url": {
					"raw": "https://{{CosmosDBHost}}/dbs/tempdb/colls",
					"protocol": "https",
					"host": [
						"{{CosmosDBHost}}"
					],
					"path": [
						"dbs",
						"tempdb",
						"colls"
					]
				}
			},
			"response": []
		},
		{
			"name": "Get Collection -  tempcoll",
			"event": [
				{
					"listen": "test",
					"script": {
						"exec": [
							"postman.clearEnvironmentVariable(\"RFC1123time\");",
							"postman.clearEnvironmentVariable(\"masterKey\");",
							"postman.clearEnvironmentVariable(\"authToken\");",
							""
						],
						"type": "text/javascript"
					}
				},
				{
					"listen": "prerequest",
					"script": {
						"exec": [
							""
						],
						"type": "text/javascript"
					}
				}
			],
			"request": {
				"method": "GET",
				"header": [
					{
						"key": "Accept",
						"value": "application/json"
					},
					{
						"key": "x-ms-version",
						"value": "2016-07-11"
					},
					{
						"key": "Authorization",
						"value": "{{authToken}}"
					},
					{
						"key": "x-ms-date",
						"value": "{{RFC1123time}}"
					}
				],
				"url": {
					"raw": "https://{{CosmosDBHost}}/dbs/tempdb/colls/tempcoll",
					"protocol": "https",
					"host": [
						"{{CosmosDBHost}}"
					],
					"path": [
						"dbs",
						"tempdb",
						"colls",
						"tempcoll"
					]
				}
			},
			"response": []
		},
		{
			"name": "Create Document - Wakefield Family",
			"event": [
				{
					"listen": "test",
					"script": {
						"exec": [
							"postman.clearEnvironmentVariable(\"RFC1123time\");",
							"postman.clearEnvironmentVariable(\"masterKey\");",
							"postman.clearEnvironmentVariable(\"authToken\");",
							""
						],
						"type": "text/javascript"
					}
				},
				{
					"listen": "prerequest",
					"script": {
						"exec": [
							""
						],
						"type": "text/javascript"
					}
				}
			],
			"request": {
				"method": "POST",
				"header": [
					{
						"key": "Accept",
						"value": "application/json"
					},
					{
						"key": "x-ms-version",
						"value": "2016-07-11"
					},
					{
						"key": "Authorization",
						"value": "{{authToken}}"
					},
					{
						"key": "x-ms-date",
						"value": "{{RFC1123time}}"
					},
					{
						"key": "Content-Type",
						"value": "application/json"
					}
				],
				"body": {
					"mode": "raw",
					"raw": "{\r\n    \"id\": \"WakefieldFamily\",\r\n    \"parents\": [\r\n        { \"familyName\": \"Wakefield\", \"givenName\": \"Robin\" },\r\n        { \"familyName\": \"Miller\", \"givenName\": \"Ben\" }\r\n    ],\r\n    \"children\": [\r\n        {\r\n            \"familyName\": \"Merriam\", \r\n            \"givenName\": \"Jesse\", \r\n            \"gender\": \"female\", \"grade\": 1,\r\n            \"pets\": [\r\n                { \"givenName\": \"Goofy\" },\r\n                { \"givenName\": \"Shadow\" }\r\n            ]\r\n        },\r\n        { \r\n            \"familyName\": \"Miller\", \r\n             \"givenName\": \"Lisa\", \r\n             \"gender\": \"female\", \r\n             \"grade\": 8 }\r\n    ],\r\n    \"address\": { \"state\": \"NY\", \"county\": \"Manhattan\", \"city\": \"NY\" },\r\n    \"creationDate\": 1431620462,\r\n    \"isRegistered\": false\r\n}"
				},
				"url": {
					"raw": "https://{{CosmosDBHost}}/dbs/tempdb/colls/tempcoll/docs",
					"protocol": "https",
					"host": [
						"{{CosmosDBHost}}"
					],
					"path": [
						"dbs",
						"tempdb",
						"colls",
						"tempcoll",
						"docs"
					]
				}
			},
			"response": []
		},
		{
			"name": "Get Document - Wakefield Family",
			"event": [
				{
					"listen": "test",
					"script": {
						"exec": [
							"postman.clearEnvironmentVariable(\"RFC1123time\");",
							"postman.clearEnvironmentVariable(\"masterKey\");",
							"postman.clearEnvironmentVariable(\"authToken\");",
							""
						],
						"type": "text/javascript"
					}
				},
				{
					"listen": "prerequest",
					"script": {
						"exec": [
							""
						],
						"type": "text/javascript"
					}
				}
			],
			"request": {
				"method": "GET",
				"header": [
					{
						"key": "Accept",
						"value": "application/json"
					},
					{
						"key": "x-ms-version",
						"value": "2016-07-11"
					},
					{
						"key": "Authorization",
						"value": "{{authToken}}"
					},
					{
						"key": "x-ms-date",
						"value": "{{RFC1123time}}"
					}
				],
				"url": {
					"raw": "https://{{CosmosDBHost}}/dbs/tempdb/colls/tempcoll/docs/WakefieldFamily",
					"protocol": "https",
					"host": [
						"{{CosmosDBHost}}"
					],
					"path": [
						"dbs",
						"tempdb",
						"colls",
						"tempcoll",
						"docs",
						"WakefieldFamily"
					]
				}
			},
			"response": []
		},
		{
			"name": "Update Document - Wakefield Family",
			"event": [
				{
					"listen": "test",
					"script": {
						"exec": [
							"postman.clearEnvironmentVariable(\"RFC1123time\");",
							"postman.clearEnvironmentVariable(\"masterKey\");",
							"postman.clearEnvironmentVariable(\"authToken\");",
							""
						],
						"type": "text/javascript"
					}
				},
				{
					"listen": "prerequest",
					"script": {
						"exec": [
							""
						],
						"type": "text/javascript"
					}
				}
			],
			"request": {
				"method": "PUT",
				"header": [
					{
						"key": "Accept",
						"value": "application/json"
					},
					{
						"key": "x-ms-version",
						"value": "2016-07-11"
					},
					{
						"key": "Authorization",
						"value": "{{authToken}}"
					},
					{
						"key": "x-ms-date",
						"value": "{{RFC1123time}}"
					},
					{
						"key": "Content-Type",
						"value": "application/json"
					}
				],
				"body": {
					"mode": "raw",
					"raw": "{\r\n    \"id\": \"WakefieldFamily\",\r\n    \"parents\": [\r\n        { \"familyName\": \"Wakefield\", \"givenName\": \"Robin\" },\r\n        { \"familyName\": \"Miller\", \"givenName\": \"Ben\" },\r\n        { \"familyName\" : \"Lindsay\", \"givenName\": \"Steve\" }\r\n    ],\r\n    \"children\": [\r\n        {\r\n            \"familyName\": \"Merriam\", \r\n            \"givenName\": \"Jesse\", \r\n            \"gender\": \"female\", \"grade\": 1,\r\n            \"pets\": [\r\n                { \"givenName\": \"Goofy\" },\r\n                { \"givenName\": \"Shadow\" }\r\n            ]\r\n        },\r\n        { \r\n            \"familyName\": \"Miller\", \r\n             \"givenName\": \"Lisa\", \r\n             \"gender\": \"female\", \r\n             \"grade\": 8 }\r\n    ],\r\n    \"address\": { \"state\": \"NY\", \"county\": \"Manhattan\", \"city\": \"NY\" },\r\n    \"creationDate\": 1431620462,\r\n    \"isRegistered\": false\r\n}"
				},
				"url": {
					"raw": "https://{{CosmosDBHost}}/dbs/tempdb/colls/tempcoll/docs/WakefieldFamily",
					"protocol": "https",
					"host": [
						"{{CosmosDBHost}}"
					],
					"path": [
						"dbs",
						"tempdb",
						"colls",
						"tempcoll",
						"docs",
						"WakefieldFamily"
					]
				}
			},
			"response": []
		},
		{
			"name": "Create Document - Anderson Family",
			"event": [
				{
					"listen": "test",
					"script": {
						"exec": [
							"postman.clearEnvironmentVariable(\"RFC1123time\");",
							"postman.clearEnvironmentVariable(\"masterKey\");",
							"postman.clearEnvironmentVariable(\"authToken\");",
							""
						],
						"type": "text/javascript"
					}
				},
				{
					"listen": "prerequest",
					"script": {
						"exec": [
							""
						],
						"type": "text/javascript"
					}
				}
			],
			"request": {
				"method": "POST",
				"header": [
					{
						"key": "Accept",
						"value": "application/json"
					},
					{
						"key": "x-ms-version",
						"value": "2016-07-11"
					},
					{
						"key": "Authorization",
						"value": "{{authToken}}"
					},
					{
						"key": "x-ms-date",
						"value": "{{RFC1123time}}"
					},
					{
						"key": "Content-Type",
						"value": "application/json"
					}
				],
				"body": {
					"mode": "raw",
					"raw": "{\r\n    \"id\": \"AndersenFamily\",\r\n    \"lastName\": \"Andersen\",\r\n    \"parents\": [\r\n       { \"firstName\": \"Thomas\" },\r\n       { \"firstName\": \"Mary Kay\"}\r\n    ],\r\n    \"children\": [\r\n       {\r\n           \"firstName\": \"Henriette Thaulow\", \"gender\": \"female\", \"grade\": 5,\r\n           \"pets\": [{ \"givenName\": \"Fluffy\" }]\r\n       }\r\n    ],\r\n    \"address\": { \"state\": \"WA\", \"county\": \"King\", \"city\": \"seattle\" },\r\n    \"creationDate\": 1431620472,\r\n    \"isRegistered\": true\r\n}"
				},
				"url": {
					"raw": "https://{{CosmosDBHost}}/dbs/tempdb/colls/tempcoll/docs",
					"protocol": "https",
					"host": [
						"{{CosmosDBHost}}"
					],
					"path": [
						"dbs",
						"tempdb",
						"colls",
						"tempcoll",
						"docs"
					]
				}
			},
			"response": []
		},
		{
			"name": "Get all documents",
			"event": [
				{
					"listen": "test",
					"script": {
						"exec": [
							"postman.clearEnvironmentVariable(\"RFC1123time\");",
							"postman.clearEnvironmentVariable(\"masterKey\");",
							"postman.clearEnvironmentVariable(\"authToken\");",
							""
						],
						"type": "text/javascript"
					}
				},
				{
					"listen": "prerequest",
					"script": {
						"exec": [
							""
						],
						"type": "text/javascript"
					}
				}
			],
			"request": {
				"method": "GET",
				"header": [
					{
						"key": "Accept",
						"value": "application/json"
					},
					{
						"key": "x-ms-version",
						"value": "2016-07-11"
					},
					{
						"key": "Authorization",
						"value": "{{authToken}}"
					},
					{
						"key": "x-ms-date",
						"value": "{{RFC1123time}}"
					}
				],
				"url": {
					"raw": "https://{{CosmosDBHost}}/dbs/tempdb/colls/tempcoll/docs",
					"protocol": "https",
					"host": [
						"{{CosmosDBHost}}"
					],
					"path": [
						"dbs",
						"tempdb",
						"colls",
						"tempcoll",
						"docs"
					]
				}
			},
			"response": []
		},
		{
			"name": "Query Collection Family = Anderson",
			"event": [
				{
					"listen": "test",
					"script": {
						"exec": [
							"postman.clearEnvironmentVariable(\"RFC1123time\");",
							"postman.clearEnvironmentVariable(\"masterKey\");",
							"postman.clearEnvironmentVariable(\"authToken\");",
							""
						],
						"type": "text/javascript"
					}
				},
				{
					"listen": "prerequest",
					"script": {
						"exec": [
							""
						],
						"type": "text/javascript"
					}
				}
			],
			"request": {
				"method": "POST",
				"header": [
					{
						"key": "Accept",
						"value": "application/json"
					},
					{
						"key": "x-ms-version",
						"value": "2016-07-11"
					},
					{
						"key": "Authorization",
						"value": "{{authToken}}"
					},
					{
						"key": "x-ms-date",
						"value": "{{RFC1123time}}"
					},
					{
						"key": "x-ms-CosmosDB-isquery",
						"value": "true"
					},
					{
						"key": "Content-Type",
						"value": "application/query+json"
					}
				],
				"body": {
					"mode": "raw",
					"raw": "{      \r\n    \"query\": \"SELECT * FROM Families f WHERE f.id = @familyId\",     \r\n    \"parameters\": [          \r\n        {\"name\": \"@familyId\", \"value\": \"AndersenFamily\"}         \r\n    ] \r\n}"
				},
				"url": {
					"raw": "https://{{CosmosDBHost}}/dbs/tempdb/colls/tempcoll/docs",
					"protocol": "https",
					"host": [
						"{{CosmosDBHost}}"
					],
					"path": [
						"dbs",
						"tempdb",
						"colls",
						"tempcoll",
						"docs"
					]
				}
			},
			"response": []
		},
		{
			"name": "Query Collection with JOIN",
			"event": [
				{
					"listen": "test",
					"script": {
						"exec": [
							"postman.clearEnvironmentVariable(\"RFC1123time\");",
							"postman.clearEnvironmentVariable(\"masterKey\");",
							"postman.clearEnvironmentVariable(\"authToken\");",
							""
						],
						"type": "text/javascript"
					}
				},
				{
					"listen": "prerequest",
					"script": {
						"exec": [
							""
						],
						"type": "text/javascript"
					}
				}
			],
			"request": {
				"method": "POST",
				"header": [
					{
						"key": "Accept",
						"value": "application/json"
					},
					{
						"key": "x-ms-version",
						"value": "2016-07-11"
					},
					{
						"key": "Authorization",
						"value": "{{authToken}}"
					},
					{
						"key": "x-ms-date",
						"value": "{{RFC1123time}}"
					},
					{
						"key": "x-ms-CosmosDB-isquery",
						"value": "true"
					},
					{
						"key": "Content-Type",
						"value": "application/query+json"
					}
				],
				"body": {
					"mode": "raw",
					"raw": "{      \r\n    \"query\": \"SELECT \r\n                 f.id AS familyName, \r\n                 c.givenName AS childGivenName, \r\n                 c.firstName AS childFirstName, \r\n                 p.givenName AS petName \r\n              FROM Families f \r\n              JOIN c IN f.children \r\n              JOIN p in c.pets\",     \r\n    \"parameters\": [] \r\n}"
				},
				"url": {
					"raw": "https://{{CosmosDBHost}}/dbs/tempdb/colls/tempcoll/docs",
					"protocol": "https",
					"host": [
						"{{CosmosDBHost}}"
					],
					"path": [
						"dbs",
						"tempdb",
						"colls",
						"tempcoll",
						"docs"
					]
				}
			},
			"response": []
		},
		{
			"name": "Delete Document",
			"event": [
				{
					"listen": "test",
					"script": {
						"exec": [
							"postman.clearEnvironmentVariable(\"RFC1123time\");",
							"postman.clearEnvironmentVariable(\"masterKey\");",
							"postman.clearEnvironmentVariable(\"authToken\");",
							""
						],
						"type": "text/javascript"
					}
				},
				{
					"listen": "prerequest",
					"script": {
						"exec": [
							""
						],
						"type": "text/javascript"
					}
				}
			],
			"request": {
				"method": "DELETE",
				"header": [
					{
						"key": "Accept",
						"value": "application/json"
					},
					{
						"key": "x-ms-version",
						"value": "2016-07-11"
					},
					{
						"key": "Authorization",
						"value": "{{authToken}}"
					},
					{
						"key": "x-ms-date",
						"value": "{{RFC1123time}}"
					}
				],
				"body": {
					"mode": "raw",
					"raw": ""
				},
				"url": {
					"raw": "https://{{CosmosDBHost}}/dbs/tempdb/colls/tempcoll/docs/WakefieldFamily",
					"protocol": "https",
					"host": [
						"{{CosmosDBHost}}"
					],
					"path": [
						"dbs",
						"tempdb",
						"colls",
						"tempcoll",
						"docs",
						"WakefieldFamily"
					]
				}
			},
			"response": []
		},
		{
			"name": "Delete Collection",
			"event": [
				{
					"listen": "test",
					"script": {
						"exec": [
							"postman.clearEnvironmentVariable(\"RFC1123time\");",
							"postman.clearEnvironmentVariable(\"masterKey\");",
							"postman.clearEnvironmentVariable(\"authToken\");",
							""
						],
						"type": "text/javascript"
					}
				},
				{
					"listen": "prerequest",
					"script": {
						"exec": [
							""
						],
						"type": "text/javascript"
					}
				}
			],
			"request": {
				"method": "DELETE",
				"header": [
					{
						"key": "Accept",
						"value": "application/json"
					},
					{
						"key": "x-ms-version",
						"value": "2016-07-11"
					},
					{
						"key": "Authorization",
						"value": "{{authToken}}"
					},
					{
						"key": "x-ms-date",
						"value": "{{RFC1123time}}"
					}
				],
				"body": {
					"mode": "raw",
					"raw": ""
				},
				"url": {
					"raw": "https://{{CosmosDBHost}}/dbs/tempdb/colls/tempcoll",
					"protocol": "https",
					"host": [
						"{{CosmosDBHost}}"
					],
					"path": [
						"dbs",
						"tempdb",
						"colls",
						"tempcoll"
					]
				}
			},
			"response": []
		},
		{
			"name": "Delete Database",
			"event": [
				{
					"listen": "test",
					"script": {
						"exec": [
							"postman.clearEnvironmentVariable(\"RFC1123time\");",
							"postman.clearEnvironmentVariable(\"masterKey\");",
							"postman.clearEnvironmentVariable(\"authToken\");",
							""
						],
						"type": "text/javascript"
					}
				},
				{
					"listen": "prerequest",
					"script": {
						"exec": [
							""
						],
						"type": "text/javascript"
					}
				}
			],
			"request": {
				"method": "DELETE",
				"header": [
					{
						"key": "Accept",
						"value": "application/json"
					},
					{
						"key": "x-ms-version",
						"value": "2016-07-11"
					},
					{
						"key": "Authorization",
						"value": "{{authToken}}"
					},
					{
						"key": "x-ms-date",
						"value": "{{RFC1123time}}"
					}
				],
				"body": {
					"mode": "raw",
					"raw": ""
				},
				"url": {
					"raw": "https://{{CosmosDBHost}}/dbs/tempdb",
					"protocol": "https",
					"host": [
						"{{CosmosDBHost}}"
					],
					"path": [
						"dbs",
						"tempdb"
					]
				}
			},
			"response": []
		}
	],
	"event": [
		{
			"listen": "prerequest",
			"script": {
				"type": "text/javascript",
				"exec": [
					"// store our master key for cosmosdb",
					"var mastKey = postman.getEnvironmentVariable(\"CosmosDBMasterKey\");",
					"console.log(\"mastKey = \" + mastKey);",
					"",
					"// store our date as RFC1123 format for the request",
					"var today = new Date();",
					"var UTCstring = today.toUTCString();",
					"postman.setEnvironmentVariable(\"RFC1123time\", UTCstring);",
					"",
					"// Grab the request url",
					"var url = request.url.trim(); ",
					"console.log(\"request url = \" + url);",
					"",
					"// strip the url of the hostname up and leading slash",
					"var strippedurl = url.replace(new RegExp('^https?://[^/]+/'),'/');",
					"console.log (\"stripped Url = \" + strippedurl);",
					"",
					"// push the parts down into an array so we can determine if the call is on a specific item",
					"// or if it is on a resource (odd would mean a resource, even would mean an item)",
					"var strippedparts = strippedurl.split(\"/\");",
					"var truestrippedcount = (strippedparts.length - 1);",
					"console.log(truestrippedcount);",
					"",
					"// define resourceId/Type now so we can assign based on the amount of levels",
					"var resourceId = \"\";",
					"var resType = \"\";",
					"",
					"// its odd (resource request)",
					"if (truestrippedcount % 2)",
					"{",
					"    console.log(\"odd\");",
					"    // assign resource type to the last part we found.",
					"    resType = strippedparts[truestrippedcount];",
					"    console.log(resType);",
					"    ",
					"    if (truestrippedcount > 1)",
					"    {",
					"        // now pull out the resource id by searching for the last slash and substringing to it.",
					"        var lastPart = strippedurl.lastIndexOf(\"/\");",
					"        resourceId = strippedurl.substring(1,lastPart);",
					"        console.log(resourceId);",
					"    }",
					"}",
					"else // its even (item request on resource)",
					"{",
					"    console.log(\"even\");",
					"    // assign resource type to the part before the last we found (last is resource id)",
					"    resType = strippedparts[truestrippedcount - 1];",
					"    console.log(\"resType\");",
					"    // finally remove the leading slash which we used to find the resource if it was",
					"    // only one level deep.",
					"    strippedurl = strippedurl.substring(1);",
					"    console.log(\"strippedurl\");",
					"    // assign our resourceId",
					"    resourceId = strippedurl;",
					"    console.log(\"resourceId\");",
					"}",
					"",
					"// assign our verb",
					"var verb = request.method.toLowerCase();",
					"",
					"// assign our RFC 1123 date",
					"var date = UTCstring.toLowerCase();",
					"",
					"// parse our master key out as base64 encoding",
					"var key = CryptoJS.enc.Base64.parse(mastKey);",
					"console.log(\"key = \" + key);",
					"",
					"// build up the request text for the signature so can sign it along with the key",
					"var text = (verb || \"\").toLowerCase() + \"\\n\" + ",
					"               (resType || \"\").toLowerCase() + \"\\n\" + ",
					"               (resourceId || \"\") + \"\\n\" + ",
					"               (date || \"\").toLowerCase() + \"\\n\" + ",
					"               \"\" + \"\\n\";",
					"console.log(\"text = \" + text);",
					"",
					"// create the signature from build up request text",
					"var signature = CryptoJS.HmacSHA256(text, key);",
					"console.log(\"sig = \" + signature);",
					"",
					"// back to base 64 bits",
					"var base64Bits = CryptoJS.enc.Base64.stringify(signature);",
					"console.log(\"base64bits = \" + base64Bits);",
					"",
					"// format our authentication token and URI encode it.",
					"var MasterToken = \"master\";",
					"var TokenVersion = \"1.0\";",
					"auth = encodeURIComponent(\"type=\" + MasterToken + \"&ver=\" + TokenVersion + \"&sig=\" + base64Bits);",
					"console.log(\"auth = \" + auth);",
					"",
					"// set our auth token enviornmental variable.",
					"postman.setEnvironmentVariable(\"authToken\", auth);",
					""
				]
			}
		},
		{
			"listen": "test",
			"script": {
				"type": "text/javascript",
				"exec": [
					""
				]
			}
		}
	]
}